Name,ID,Outline PNG,Soft PNG,Duotone PNG,Outline SVG,Soft SVG,Duotone SVG
home,1,Outline/001_home.png,Soft/001_home.png,Duotone/001_home.png,Outline/001_home.svg,Soft/001_home.svg,Duotone/001_home.svg
sliders,2,Outline/002_sliders.png,Soft/002_sliders.png,Duotone/002_sliders.png,Outline/002_sliders.svg,Soft/002_sliders.svg,Duotone/002_sliders.svg
palette,3,Outline/003_palette.png,Soft/003_palette.png,Duotone/003_palette.png,Outline/003_palette.svg,Soft/003_palette.svg,Duotone/003_palette.svg
save,4,Outline/004_save.png,Soft/004_save.png,Duotone/004_save.png,Outline/004_save.svg,Soft/004_save.svg,Duotone/004_save.svg
code,5,Outline/005_code.png,Soft/005_code.png,Duotone/005_code.png,Outline/005_code.svg,Soft/005_code.svg,Duotone/005_code.svg
search,6,Outline/006_search.png,Soft/006_search.png,Duotone/006_search.png,Outline/006_search.svg,Soft/006_search.svg,Duotone/006_search.svg
close,7,Outline/007_close.png,Soft/007_close.png,Duotone/007_close.png,Outline/007_close.svg,Soft/007_close.svg,Duotone/007_close.svg
check,8,Outline/008_check.png,Soft/008_check.png,Duotone/008_check.png,Outline/008_check.svg,Soft/008_check.svg,Duotone/008_check.svg
chevron-down,9,Outline/009_chevron-down.png,Soft/009_chevron-down.png,Duotone/009_chevron-down.png,Outline/009_chevron-down.svg,Soft/009_chevron-down.svg,Duotone/009_chevron-down.svg
chevron-right,10,Outline/010_chevron-right.png,Soft/010_chevron-right.png,Duotone/010_chevron-right.png,Outline/010_chevron-right.svg,Soft/010_chevron-right.svg,Duotone/010_chevron-right.svg
settings,11,Outline/011_settings.png,Soft/011_settings.png,Duotone/011_settings.png,Outline/011_settings.svg,Soft/011_settings.svg,Duotone/011_settings.svg
user,12,Outline/012_user.png,Soft/012_user.png,Duotone/012_user.png,Outline/012_user.svg,Soft/012_user.svg,Duotone/012_user.svg
folder,13,Outline/013_folder.png,Soft/013_folder.png,Duotone/013_folder.png,Outline/013_folder.svg,Soft/013_folder.svg,Duotone/013_folder.svg
download,14,Outline/014_download.png,Soft/014_download.png,Duotone/014_download.png,Outline/014_download.svg,Soft/014_download.svg,Duotone/014_download.svg
upload,15,Outline/015_upload.png,Soft/015_upload.png,Duotone/015_upload.png,Outline/015_upload.svg,Soft/015_upload.svg,Duotone/015_upload.svg
refresh,16,Outline/016_refresh.png,Soft/016_refresh.png,Duotone/016_refresh.png,Outline/016_refresh.svg,Soft/016_refresh.svg,Duotone/016_refresh.svg
bell,17,Outline/017_bell.png,Soft/017_bell.png,Duotone/017_bell.png,Outline/017_bell.svg,Soft/017_bell.svg,Duotone/017_bell.svg
info,18,Outline/018_info.png,Soft/018_info.png,Duotone/018_info.png,Outline/018_info.svg,Soft/018_info.svg,Duotone/018_info.svg
plus,19,Outline/019_plus.png,Soft/019_plus.png,Duotone/019_plus.png,Outline/019_plus.svg,Soft/019_plus.svg,Duotone/019_plus.svg
minus,20,Outline/020_minus.png,Soft/020_minus.png,Duotone/020_minus.png,Outline/020_minus.svg,Soft/020_minus.svg,Duotone/020_minus.svg
farm,21,Outline/021_farm.png,Soft/021_farm.png,Duotone/021_farm.png,Outline/021_farm.svg,Soft/021_farm.svg,Duotone/021_farm.svg
panel,22,Outline/022_panel.png,Soft/022_panel.png,Duotone/022_panel.png,Outline/022_panel.svg,Soft/022_panel.svg,Duotone/022_panel.svg
inventory,23,Outline/023_inventory.png,Soft/023_inventory.png,Duotone/023_inventory.png,Outline/023_inventory.svg,Soft/023_inventory.svg,Duotone/023_inventory.svg
harvest,24,Outline/024_harvest.png,Soft/024_harvest.png,Duotone/024_harvest.png,Outline/024_harvest.svg,Soft/024_harvest.svg,Duotone/024_harvest.svg
seed,25,Outline/025_seed.png,Soft/025_seed.png,Duotone/025_seed.png,Outline/025_seed.svg,Soft/025_seed.svg,Duotone/025_seed.svg
sprout,26,Outline/026_sprout.png,Soft/026_sprout.png,Duotone/026_sprout.png,Outline/026_sprout.svg,Soft/026_sprout.svg,Duotone/026_sprout.svg
watering-can,27,Outline/027_watering-can.png,Soft/027_watering-can.png,Duotone/027_watering-can.png,Outline/027_watering-can.svg,Soft/027_watering-can.svg,Duotone/027_watering-can.svg
shovel,28,Outline/028_shovel.png,Soft/028_shovel.png,Duotone/028_shovel.png,Outline/028_shovel.svg,Soft/028_shovel.svg,Duotone/028_shovel.svg
tools,29,Outline/029_tools.png,Soft/029_tools.png,Duotone/029_tools.png,Outline/029_tools.svg,Soft/029_tools.svg,Duotone/029_tools.svg
tractor,30,Outline/030_tractor.png,Soft/030_tractor.png,Duotone/030_tractor.png,Outline/030_tractor.svg,Soft/030_tractor.svg,Duotone/030_tractor.svg
map,31,Outline/031_map.png,Soft/031_map.png,Duotone/031_map.png,Outline/031_map.svg,Soft/031_map.svg,Duotone/031_map.svg
menu,32,Outline/032_menu.png,Soft/032_menu.png,Duotone/032_menu.png,Outline/032_menu.svg,Soft/032_menu.svg,Duotone/032_menu.svg
arrow-left,33,Outline/033_arrow-left.png,Soft/033_arrow-left.png,Duotone/033_arrow-left.png,Outline/033_arrow-left.svg,Soft/033_arrow-left.svg,Duotone/033_arrow-left.svg
arrow-right,34,Outline/034_arrow-right.png,Soft/034_arrow-right.png,Duotone/034_arrow-right.png,Outline/034_arrow-right.svg,Soft/034_arrow-right.svg,Duotone/034_arrow-right.svg
minimize,35,Outline/035_minimize.png,Soft/035_minimize.png,Duotone/035_minimize.png,Outline/035_minimize.svg,Soft/035_minimize.svg,Duotone/035_minimize.svg
maximize,36,Outline/036_maximize.png,Soft/036_maximize.png,Duotone/036_maximize.png,Outline/036_maximize.svg,Soft/036_maximize.svg,Duotone/036_maximize.svg
restore,37,Outline/037_restore.png,Soft/037_restore.png,Duotone/037_restore.png,Outline/037_restore.svg,Soft/037_restore.svg,Duotone/037_restore.svg
resize,38,Outline/038_resize.png,Soft/038_resize.png,Duotone/038_resize.png,Outline/038_resize.svg,Soft/038_resize.svg,Duotone/038_resize.svg
window,39,Outline/039_window.png,Soft/039_window.png,Duotone/039_window.png,Outline/039_window.svg,Soft/039_window.svg,Duotone/039_window.svg
automation,40,Outline/040_automation.png,Soft/040_automation.png,Duotone/040_automation.png,Outline/040_automation.svg,Soft/040_automation.svg,Duotone/040_automation.svg
play,41,Outline/041_play.png,Soft/041_play.png,Duotone/041_play.png,Outline/041_play.svg,Soft/041_play.svg,Duotone/041_play.svg
pause,42,Outline/042_pause.png,Soft/042_pause.png,Duotone/042_pause.png,Outline/042_pause.svg,Soft/042_pause.svg,Duotone/042_pause.svg
stop,43,Outline/043_stop.png,Soft/043_stop.png,Duotone/043_stop.png,Outline/043_stop.svg,Soft/043_stop.svg,Duotone/043_stop.svg
bolt,44,Outline/044_bolt.png,Soft/044_bolt.png,Duotone/044_bolt.png,Outline/044_bolt.svg,Soft/044_bolt.svg,Duotone/044_bolt.svg
shield,45,Outline/045_shield.png,Soft/045_shield.png,Duotone/045_shield.png,Outline/045_shield.svg,Soft/045_shield.svg,Duotone/045_shield.svg
key,46,Outline/046_key.png,Soft/046_key.png,Duotone/046_key.png,Outline/046_key.svg,Soft/046_key.svg,Duotone/046_key.svg
lock,47,Outline/047_lock.png,Soft/047_lock.png,Duotone/047_lock.png,Outline/047_lock.svg,Soft/047_lock.svg,Duotone/047_lock.svg
unlock,48,Outline/048_unlock.png,Soft/048_unlock.png,Duotone/048_unlock.png,Outline/048_unlock.svg,Soft/048_unlock.svg,Duotone/048_unlock.svg
coins,49,Outline/049_coins.png,Soft/049_coins.png,Duotone/049_coins.png,Outline/049_coins.svg,Soft/049_coins.svg,Duotone/049_coins.svg
gift,50,Outline/050_gift.png,Soft/050_gift.png,Duotone/050_gift.png,Outline/050_gift.svg,Soft/050_gift.svg,Duotone/050_gift.svg
teleport,51,Outline/051_teleport.png,Soft/051_teleport.png,Duotone/051_teleport.png,Outline/051_teleport.svg,Soft/051_teleport.svg,Duotone/051_teleport.svg
target,52,Outline/052_target.png,Soft/052_target.png,Duotone/052_target.png,Outline/052_target.svg,Soft/052_target.svg,Duotone/052_target.svg
chart,53,Outline/053_chart.png,Soft/053_chart.png,Duotone/053_chart.png,Outline/053_chart.svg,Soft/053_chart.svg,Duotone/053_chart.svg
chart-bar,54,Outline/054_chart-bar.png,Soft/054_chart-bar.png,Duotone/054_chart-bar.png,Outline/054_chart-bar.svg,Soft/054_chart-bar.svg,Duotone/054_chart-bar.svg
clock,55,Outline/055_clock.png,Soft/055_clock.png,Duotone/055_clock.png,Outline/055_clock.svg,Soft/055_clock.svg,Duotone/055_clock.svg
timer,56,Outline/056_timer.png,Soft/056_timer.png,Duotone/056_timer.png,Outline/056_timer.svg,Soft/056_timer.svg,Duotone/056_timer.svg
compass,57,Outline/057_compass.png,Soft/057_compass.png,Duotone/057_compass.png,Outline/057_compass.svg,Soft/057_compass.svg,Duotone/057_compass.svg
heart,58,Outline/058_heart.png,Soft/058_heart.png,Duotone/058_heart.png,Outline/058_heart.svg,Soft/058_heart.svg,Duotone/058_heart.svg
star,59,Outline/059_star.png,Soft/059_star.png,Duotone/059_star.png,Outline/059_star.svg,Soft/059_star.svg,Duotone/059_star.svg
eye,60,Outline/060_eye.png,Soft/060_eye.png,Duotone/060_eye.png,Outline/060_eye.svg,Soft/060_eye.svg,Duotone/060_eye.svg
eye-off,61,Outline/061_eye-off.png,Soft/061_eye-off.png,Duotone/061_eye-off.png,Outline/061_eye-off.svg,Soft/061_eye-off.svg,Duotone/061_eye-off.svg
filter,62,Outline/062_filter.png,Soft/062_filter.png,Duotone/062_filter.png,Outline/062_filter.svg,Soft/062_filter.svg,Duotone/062_filter.svg
sort,63,Outline/063_sort.png,Soft/063_sort.png,Duotone/063_sort.png,Outline/063_sort.svg,Soft/063_sort.svg,Duotone/063_sort.svg
check-circle,64,Outline/064_check-circle.png,Soft/064_check-circle.png,Duotone/064_check-circle.png,Outline/064_check-circle.svg,Soft/064_check-circle.svg,Duotone/064_check-circle.svg
alert,65,Outline/065_alert.png,Soft/065_alert.png,Duotone/065_alert.png,Outline/065_alert.svg,Soft/065_alert.svg,Duotone/065_alert.svg
help,66,Outline/066_help.png,Soft/066_help.png,Duotone/066_help.png,Outline/066_help.svg,Soft/066_help.svg,Duotone/066_help.svg
copy,67,Outline/067_copy.png,Soft/067_copy.png,Duotone/067_copy.png,Outline/067_copy.svg,Soft/067_copy.svg,Duotone/067_copy.svg
clipboard,68,Outline/068_clipboard.png,Soft/068_clipboard.png,Duotone/068_clipboard.png,Outline/068_clipboard.svg,Soft/068_clipboard.svg,Duotone/068_clipboard.svg
trash,69,Outline/069_trash.png,Soft/069_trash.png,Duotone/069_trash.png,Outline/069_trash.svg,Soft/069_trash.svg,Duotone/069_trash.svg
edit,70,Outline/070_edit.png,Soft/070_edit.png,Duotone/070_edit.png,Outline/070_edit.svg,Soft/070_edit.svg,Duotone/070_edit.svg
wand,71,Outline/071_wand.png,Soft/071_wand.png,Duotone/071_wand.png,Outline/071_wand.svg,Soft/071_wand.svg,Duotone/071_wand.svg
wifi,72,Outline/072_wifi.png,Soft/072_wifi.png,Duotone/072_wifi.png,Outline/072_wifi.svg,Soft/072_wifi.svg,Duotone/072_wifi.svg
globe,73,Outline/073_globe.png,Soft/073_globe.png,Duotone/073_globe.png,Outline/073_globe.svg,Soft/073_globe.svg,Duotone/073_globe.svg
link,74,Outline/074_link.png,Soft/074_link.png,Duotone/074_link.png,Outline/074_link.svg,Soft/074_link.svg,Duotone/074_link.svg
mail,75,Outline/075_mail.png,Soft/075_mail.png,Duotone/075_mail.png,Outline/075_mail.svg,Soft/075_mail.svg,Duotone/075_mail.svg
message,76,Outline/076_message.png,Soft/076_message.png,Duotone/076_message.png,Outline/076_message.svg,Soft/076_message.svg,Duotone/076_message.svg
terminal,77,Outline/077_terminal.png,Soft/077_terminal.png,Duotone/077_terminal.png,Outline/077_terminal.svg,Soft/077_terminal.svg,Duotone/077_terminal.svg
bug,78,Outline/078_bug.png,Soft/078_bug.png,Duotone/078_bug.png,Outline/078_bug.svg,Soft/078_bug.svg,Duotone/078_bug.svg
cpu,79,Outline/079_cpu.png,Soft/079_cpu.png,Duotone/079_cpu.png,Outline/079_cpu.svg,Soft/079_cpu.svg,Duotone/079_cpu.svg
server,80,Outline/080_server.png,Soft/080_server.png,Duotone/080_server.png,Outline/080_server.svg,Soft/080_server.svg,Duotone/080_server.svg
database,81,Outline/081_database.png,Soft/081_database.png,Duotone/081_database.png,Outline/081_database.svg,Soft/081_database.svg,Duotone/081_database.svg
cloud,82,Outline/082_cloud.png,Soft/082_cloud.png,Duotone/082_cloud.png,Outline/082_cloud.svg,Soft/082_cloud.svg,Duotone/082_cloud.svg
cloud-download,83,Outline/083_cloud-download.png,Soft/083_cloud-download.png,Duotone/083_cloud-download.png,Outline/083_cloud-download.svg,Soft/083_cloud-download.svg,Duotone/083_cloud-download.svg
camera,84,Outline/084_camera.png,Soft/084_camera.png,Duotone/084_camera.png,Outline/084_camera.svg,Soft/084_camera.svg,Duotone/084_camera.svg
image,85,Outline/085_image.png,Soft/085_image.png,Duotone/085_image.png,Outline/085_image.svg,Soft/085_image.svg,Duotone/085_image.svg
music,86,Outline/086_music.png,Soft/086_music.png,Duotone/086_music.png,Outline/086_music.svg,Soft/086_music.svg,Duotone/086_music.svg
volume,87,Outline/087_volume.png,Soft/087_volume.png,Duotone/087_volume.png,Outline/087_volume.svg,Soft/087_volume.svg,Duotone/087_volume.svg
volume-off,88,Outline/088_volume-off.png,Soft/088_volume-off.png,Duotone/088_volume-off.png,Outline/088_volume-off.svg,Soft/088_volume-off.svg,Duotone/088_volume-off.svg
sun,89,Outline/089_sun.png,Soft/089_sun.png,Duotone/089_sun.png,Outline/089_sun.svg,Soft/089_sun.svg,Duotone/089_sun.svg
moon,90,Outline/090_moon.png,Soft/090_moon.png,Duotone/090_moon.png,Outline/090_moon.svg,Soft/090_moon.svg,Duotone/090_moon.svg
gamepad,91,Outline/091_gamepad.png,Soft/091_gamepad.png,Duotone/091_gamepad.png,Outline/091_gamepad.svg,Soft/091_gamepad.svg,Duotone/091_gamepad.svg
trophy,92,Outline/092_trophy.png,Soft/092_trophy.png,Duotone/092_trophy.png,Outline/092_trophy.svg,Soft/092_trophy.svg,Duotone/092_trophy.svg
rocket,93,Outline/093_rocket.png,Soft/093_rocket.png,Duotone/093_rocket.png,Outline/093_rocket.svg,Soft/093_rocket.svg,Duotone/093_rocket.svg
backpack,94,Outline/094_backpack.png,Soft/094_backpack.png,Duotone/094_backpack.png,Outline/094_backpack.svg,Soft/094_backpack.svg,Duotone/094_backpack.svg
sword,95,Outline/095_sword.png,Soft/095_sword.png,Duotone/095_sword.png,Outline/095_sword.svg,Soft/095_sword.svg,Duotone/095_sword.svg
flag,96,Outline/096_flag.png,Soft/096_flag.png,Duotone/096_flag.png,Outline/096_flag.svg,Soft/096_flag.svg,Duotone/096_flag.svg
